City_ID,City,Lat,Lng,Max Temp,Humidity,Cloudiness,Wind Speed,Country,Date
0,seven pagodas,12.6264,80.1722,25.56,77,34,3.66,IN,1729895690
1,jamestown,42.097,-79.2353,12.8,66,75,2.57,US,1729895691
2,college,64.8569,-147.8028,-4.75,80,20,0.45,US,1729895692
3,hawaiian paradise park,19.5933,-154.9731,24.94,98,100,1.54,US,1729895693
4,iqaluit,63.7506,-68.5145,-1.15,80,75,4.63,CA,1729895694
5,port mathurin,-19.6833,63.4167,23.41,90,100,8.32,MU,1729895695
6,hithadhoo,-0.6,73.0833,27.42,71,7,2.9,MV,1729895697
7,vilyuchinsk,52.9306,158.4028,4.15,72,34,2.84,RU,1729895698
8,le port,-20.9373,55.2919,22.98,81,85,2.62,RE,1729895699
9,xinpu,34.5997,119.1594,15.28,88,4,2.23,CN,1729895700
10,yaren,-0.5472,166.916,27.41,73,19,1.78,NR,1729895701
11,tual,-5.6667,132.75,27.92,74,71,7.13,ID,1729895702
12,bethel,41.3712,-73.414,13.05,55,0,1.34,US,1729895703
13,codrington,-38.2667,141.9667,14.18,47,65,4.97,AU,1729895704
14,port hueneme,34.1478,-119.1951,25.79,69,0,3.6,US,1729895706
15,remire-montjoly,4.9167,-52.2667,25.02,94,0,0.0,GF,1729895707
16,kapa'a,22.0752,-159.319,28.18,72,0,3.6,US,1729895708
17,boi,9.5683,9.4953,22.62,56,94,1.85,NG,1729895709
18,loxstedt,53.4667,8.65,10.61,96,6,1.33,DE,1729895710
19,neftekumsk,44.6667,44.9167,8.95,75,100,4.87,RU,1729895711
20,grytviken,-54.2811,-36.5092,1.21,99,100,0.44,GS,1729895712
21,tura,25.5198,90.2201,20.8,95,100,1.89,IN,1729895713
22,kyzyl,51.7,94.45,3.43,69,100,1.03,RU,1729895715
23,fort bragg,35.139,-79.006,23.91,39,0,2.57,US,1729895679
24,puerto natales,-51.7236,-72.4875,5.25,93,100,10.29,CL,1729895717
25,adamstown,-25.066,-130.1015,21.1,76,100,7.12,PN,1729895718
26,olonkinbyen,70.9221,-8.7187,-0.22,93,100,12.89,SJ,1729895719
27,waitangi,-43.9535,-176.5597,14.9,98,95,1.79,NZ,1729895720
28,hermanus,-34.4187,19.2345,11.56,89,0,4.62,ZA,1729895721
29,anadyr,64.75,177.4833,-2.72,73,75,7.0,RU,1729895723
30,ilulissat,69.2167,-51.1,-0.99,86,75,5.66,GL,1729895724
31,edinburgh of the seven seas,-37.0676,-12.3116,12.07,61,100,2.91,SH,1729895725
32,bilibino,68.0546,166.4372,-15.51,87,100,1.22,RU,1729895726
33,uturoa,-16.7333,-151.4333,25.66,77,90,11.48,PF,1729895727
34,manay,7.215,126.5397,25.76,81,100,1.0,PH,1729895728
35,khovd,48.0056,91.6419,1.81,53,26,2.24,MN,1729895729
36,akureyri,65.6835,-18.0878,3.96,65,75,5.66,IS,1729895731
37,east london,-33.0153,27.9116,16.23,69,71,5.8,ZA,1729895732
38,tiksi,71.6872,128.8694,-21.72,100,84,1.57,RU,1729895733
39,hadibu,12.65,54.0333,26.69,83,90,1.76,YE,1729895734
40,iskateley,67.6803,53.1512,-0.8,81,50,3.98,RU,1729895735
41,margaret river,-33.95,115.0667,13.13,67,18,3.49,AU,1729895736
42,lebu,-37.6167,-73.65,10.79,77,0,9.61,CL,1729895737
43,arraial do cabo,-22.9661,-42.0278,25.98,94,40,0.51,BR,1729895739
44,floro,61.5996,5.0328,8.98,93,100,2.06,NO,1729895740
45,port-aux-francais,-49.35,70.2167,2.27,64,61,10.95,TF,1729895741
46,perrysburg,41.557,-83.6272,16.05,77,20,3.6,US,1729895742
47,damavand,35.7178,52.065,4.34,70,0,1.36,IR,1729895743
48,ushuaia,-54.8,-68.3,2.81,87,100,10.29,AR,1729895744
49,lerwick,60.1545,-1.1494,10.13,91,62,7.37,GB,1729895745
50,yatsuomachi-higashikumisaka,36.5667,137.1333,16.56,94,75,1.03,JP,1729895746
51,harstad,68.799,16.5293,4.53,89,100,8.49,NO,1729895748
52,coronel dorrego,-38.7187,-61.2873,7.18,62,28,0.66,AR,1729895749
53,yellowknife,62.456,-114.3525,-1.99,90,75,2.06,CA,1729895750
54,wailua homesteads,22.0669,-159.378,27.7,73,0,3.6,US,1729895751
55,dalandzadgad,43.5708,104.425,4.59,59,2,3.83,MN,1729895752
56,mejit,10.2753,170.8646,26.34,86,100,5.83,MH,1729895753
57,kalmunai,7.4167,81.8167,25.32,87,83,3.46,LK,1729895754
58,puerto ayora,-0.7393,-90.3518,21.42,94,94,1.34,EC,1729895756
59,west island,-12.1568,96.8225,25.99,73,75,6.17,CC,1729895757
60,esquina,-30.0144,-59.5272,17.63,53,0,4.74,AR,1729895758
61,concepcion del oro,24.6333,-101.4167,20.68,12,0,4.63,MX,1729895759
62,masterton,-40.9597,175.6575,20.2,63,100,4.13,NZ,1729895760
63,alofi,-19.0595,-169.9187,24.74,79,76,8.73,NU,1729895761
64,klaksvik,62.2266,-6.589,8.2,85,100,15.22,FO,1729895762
65,avarua,-21.2078,-159.775,24.03,69,75,8.23,CK,1729895764
66,blackmans bay,-43.0167,147.3167,12.07,67,32,0.89,AU,1729895765
67,mount gambier,-37.8333,140.7667,14.77,44,94,4.07,AU,1729895766
68,yeppoon,-23.1333,150.7333,23.74,70,8,5.08,AU,1729895767
69,gizo,-8.103,156.8419,29.24,70,44,4.37,SB,1729895768
70,weno,7.4515,151.8468,29.97,84,100,2.57,FM,1729895769
71,kudahuvadhoo,2.6708,72.8944,28.02,71,55,5.22,MV,1729895771
72,luderitz,-26.6481,15.1594,13.93,73,38,8.43,NA,1729895772
73,molde,62.7375,7.1591,6.91,100,75,1.54,NO,1729895700
74,gebeit,21.0667,36.3167,23.31,60,41,1.93,SD,1729895776
75,lebedyan',53.0194,39.1664,3.37,83,87,3.15,RU,1729895777
76,constitucion,-35.3333,-72.4167,14.85,57,0,6.66,CL,1729895778
77,alotau,-10.3069,150.4462,27.46,79,98,2.57,PG,1729895779
78,kapuskasing,49.4169,-82.4331,2.05,93,75,5.66,CA,1729895780
79,tsiombe,-25.3,45.4833,21.39,80,2,2.37,MG,1729895781
80,gadzhiyevo,69.2551,33.3362,5.85,63,94,8.81,RU,1729895782
81,albany,42.6001,-73.9662,11.46,63,66,1.6,US,1729895690
82,fort st. john,56.2499,-120.8529,5.94,39,40,2.06,CA,1729895785
83,pisco,-13.7,-76.2167,20.03,73,0,6.69,PE,1729895657
84,prainha,-1.8,-53.48,32.13,44,78,2.46,BR,1729895787
85,yamada,39.4667,141.95,14.01,71,99,0.85,JP,1729895788
86,posto fiscal rolim de moura,-13.0833,-62.2667,24.19,96,88,1.38,BR,1729895789
87,constantia,44.1833,28.65,6.38,53,1,1.84,RO,1729895790
88,udachny,66.4167,112.4,-16.24,96,100,1.74,RU,1729895791
89,galliano,29.4422,-90.2992,26.0,57,0,0.0,US,1729895793
90,chernyshevskiy,63.0128,112.4714,-11.97,99,100,0.99,RU,1729895794
91,kingston,17.997,-76.7936,28.53,89,75,4.12,JM,1729895496
92,ust-nera,64.5667,143.2,-14.26,97,100,2.87,RU,1729895536
93,badger,64.8,-147.5333,-6.22,86,40,0.0,US,1729895785
94,utrik,11.2278,169.8474,26.45,84,100,3.44,MH,1729895798
95,colonia,50.9333,6.95,14.58,88,0,1.54,DE,1729895799
96,qaqortoq,60.7167,-46.0333,-3.63,75,1,3.13,GL,1729895801
97,chibougamau,49.9168,-74.3659,3.79,93,100,7.2,CA,1729895802
98,aasiaat,68.7098,-52.8699,-2.95,91,97,4.89,GL,1729895803
99,salinopolis,-0.6136,-47.3561,27.45,76,5,5.69,BR,1729895804
100,ribeira grande,38.5167,-28.7,18.21,70,16,1.79,PT,1729895805
101,keren,15.7778,38.4581,22.99,61,56,1.05,ER,1729895806
102,chui,-33.6971,-53.4616,12.72,92,96,4.94,UY,1729895807
103,luganville,-15.5333,167.1667,28.65,71,95,3.99,VU,1729895809
104,lihue,21.9789,-159.3672,28.03,69,0,3.6,US,1729895810
105,magadan,59.5667,150.8,-5.17,90,96,3.91,RU,1729895811
106,ambon,-3.6954,128.1814,30.58,100,18,2.48,ID,1729895812
107,kodinsk,58.6881,99.1844,1.76,99,100,1.43,RU,1729895535
108,albertina,-22.2008,-46.6158,20.83,91,100,1.26,BR,1729895814
109,yarovoye,52.9273,78.58,6.19,72,100,2.85,RU,1729895815
110,callao,-12.0667,-77.15,19.16,72,75,3.6,PE,1729895816
111,talnakh,69.4865,88.3972,-18.48,88,3,1.34,RU,1729895818
112,whitehorse,60.7161,-135.0538,-2.57,86,75,1.03,CA,1729895579
113,kulhudhuffushi,6.6221,73.07,27.54,80,73,6.09,MV,1729895820
114,zuwarah,32.9312,12.082,23.14,54,100,9.7,LY,1729895821
115,susuman,62.7833,148.1667,-15.88,95,100,1.5,RU,1729895822
116,georgetown,5.4112,100.3354,24.97,88,20,1.54,MY,1729895813
117,susanville,40.4163,-120.653,19.32,18,70,3.17,US,1729895824
118,cabo san lucas,22.8909,-109.9124,31.17,54,0,4.12,MX,1729895610
119,hawera,-39.5917,174.2833,17.45,76,100,8.99,NZ,1729895827
120,longyearbyen,78.2186,15.6401,1.91,87,75,8.23,SJ,1729895828
121,raja,8.4596,25.678,22.11,91,100,0.86,SS,1729895829
122,fada n'gourma,12.0622,0.3578,27.97,48,100,3.06,BF,1729895830
123,andreapol',56.6513,32.2664,7.56,93,100,1.72,RU,1729895831
124,crane,31.3974,-102.3501,25.74,28,6,4.22,US,1729895832
125,kudymkar,59.0173,54.656,0.85,92,100,3.13,RU,1729895833
126,balabac,7.9868,117.0645,27.35,78,100,7.72,PH,1729895835
127,mount isa,-20.7333,139.5,25.87,10,3,4.12,AU,1729895837
128,kotlas,61.2611,46.6556,4.36,83,100,2.34,RU,1729895838
129,broken hill,-31.95,141.4333,19.31,32,96,6.13,AU,1729895839
130,port elizabeth,-33.918,25.5701,16.16,92,75,4.63,ZA,1729895840
131,gwadar,25.1216,62.3254,26.62,68,34,4.93,PK,1729895841
132,new norfolk,-42.7826,147.0587,12.73,41,23,1.44,AU,1729895842
133,kayangel,8.0823,134.7173,27.77,80,92,15.13,PW,1729895844
134,buckeye,33.3703,-112.5838,36.53,8,0,0.92,US,1729895845
135,mugia,43.1041,-9.2179,10.51,69,100,4.86,ES,1729895846
136,papatowai,-46.5619,169.4708,6.61,86,100,6.19,NZ,1729895847
137,mount barker,-35.0667,138.8667,18.51,44,100,4.9,AU,1729895848
138,polyarnyy,69.1989,33.4478,6.01,64,94,8.4,RU,1729895595
139,luanda,-8.8368,13.2343,26.0,73,75,2.06,AO,1729895852
140,belomorsk,64.5232,34.7668,7.46,86,100,4.64,RU,1729895716
141,manor,19.75,72.9167,23.32,62,76,1.51,IN,1729895854
142,guerrero negro,27.9769,-114.0611,22.91,51,6,6.08,MX,1729895855
143,island harbour,50.724,-1.2758,11.66,3,100,2.51,GB,1729895856
144,grand falls-windsor,48.9332,-55.6649,4.72,93,100,4.47,CA,1729895857
145,almazan,41.4865,-2.5309,7.71,74,100,2.46,ES,1729895859
146,vorgashor,67.5833,63.95,-10.05,97,33,1.58,RU,1729895860
147,vorkuta,67.5,64.0,-9.63,98,39,1.54,RU,1729895861
148,ancud,-41.8697,-73.8203,9.64,72,62,4.99,CL,1729895862
149,puerto aysen,-45.4,-72.7,6.88,99,100,3.15,CL,1729895626
150,pyt-yakh,60.7499,72.8582,4.09,96,100,1.94,RU,1729895864
151,pauini,-7.7136,-66.9764,29.19,59,86,0.93,BR,1729895865
152,fada,7.25,4.0667,23.37,94,75,3.09,NG,1729895867
153,bobo-dioulasso,11.1771,-4.2979,25.25,83,0,1.54,BF,1729895868
154,nizhniy odes,63.6445,54.856,-0.28,84,100,2.01,RU,1729895869
155,san patricio,28.017,-97.5169,30.97,51,0,4.71,US,1729895870
156,zhezqazghan,47.7833,67.7667,8.53,66,100,2.7,KZ,1729895871
157,as sulayyil,20.4607,45.5779,24.33,60,86,8.37,SA,1729895872
158,bredasdorp,-34.5322,20.0403,12.43,92,0,2.08,ZA,1729895873
159,namibe,-15.1961,12.1522,19.67,83,77,2.1,AO,1729895874
160,klyuchi,52.2667,79.1667,6.63,71,100,2.57,RU,1729895876
161,port saint john's,-31.6229,29.5448,17.04,71,71,3.93,ZA,1729895877
162,saipan,15.1355,145.701,25.39,94,100,5.66,MP,1729895878
163,paita,-5.0892,-81.1144,18.96,81,15,7.82,PE,1729895879
164,salaqi,40.5414,110.5108,9.31,80,100,1.7,CN,1729895880
165,sao geraldo do araguaia,-6.4006,-48.555,30.07,37,63,1.01,BR,1729895834
166,xinxiang,35.3089,113.8672,13.2,64,22,1.5,CN,1729895882
167,tazovsky,67.4667,78.7,-13.03,96,50,3.16,RU,1729895883
168,howrah,22.5892,88.3103,26.0,94,75,2.06,IN,1729895885
169,punta arenas,-53.15,-70.9167,7.06,76,40,13.89,CL,1729895627
170,boradigah,38.9339,48.7038,10.02,62,32,2.3,AZ,1729895887
171,anna regina,7.2644,-58.5077,27.54,77,8,4.32,GY,1729895890
172,mana,5.6592,-53.7767,27.22,84,99,4.17,GF,1729895891
173,thompson,55.7435,-97.8558,3.09,52,75,4.63,CA,1729895892
174,port douglas,-16.4833,145.4667,25.83,73,82,3.89,AU,1729895893
175,el porvenir,13.7617,-87.3458,27.33,78,43,1.56,HN,1729895894
176,kruisfontein,-34.0033,24.7314,12.37,70,14,2.95,ZA,1729895895
177,invercargill,-46.4,168.35,7.79,82,100,4.47,NZ,1729895896
178,brisas de zicatela,15.8369,-97.0419,28.28,75,2,1.21,MX,1729895897
179,bardai,11.65,7.2333,23.18,32,99,2.36,NG,1729895899
180,jobabo,20.9692,-76.2994,28.01,76,84,5.66,CU,1729895900
181,muromtsevo,56.3724,75.2418,5.4,92,100,3.05,RU,1729895901
182,kaitong,44.8135,123.15,5.14,44,100,3.87,CN,1729895902
183,santana,-0.0583,-51.1817,31.1,66,20,5.66,BR,1729895668
184,keflavik,64.0049,-22.5624,4.24,81,75,13.38,IS,1729895904
185,inhambane,-23.865,35.3833,23.28,92,0,1.83,MZ,1729895905
186,okhotsk,59.3833,143.3,-4.97,91,100,6.05,RU,1729895908
187,puerto baquerizo moreno,-0.9,-89.6,21.55,83,100,5.14,EC,1729895909
188,myrhorod,49.9685,33.6089,10.13,81,100,2.42,UA,1729895910
189,ust'-kulom,61.6864,53.6902,-0.57,89,92,2.36,RU,1729895716
190,la passe,45.5549,-0.8967,13.16,89,100,3.07,FR,1729895912
191,kone,-21.0595,164.8658,29.83,43,100,2.92,NC,1729895915
192,dubois,38.3464,-86.8897,23.01,63,100,1.54,US,1729895834
193,port macquarie,-31.4333,152.9167,18.93,56,46,0.89,AU,1729895917
194,zadar,44.1197,15.2422,14.34,100,0,1.03,HR,1729895918
195,nuuk,64.1835,-51.7216,-0.66,80,100,7.72,GL,1729895920
196,saudarkrokur,65.7461,-19.6394,0.78,80,38,7.94,IS,1729895921
197,yarrawonga,-36.0167,146.0,15.17,31,0,3.97,AU,1729895922
198,tadine,-21.55,167.8833,26.87,65,95,1.87,NC,1729895923
199,zaozersk,69.4005,32.4476,4.68,67,100,9.92,RU,1729895924
200,mount pearl,47.5166,-52.7813,17.07,97,100,8.75,CA,1729895925
201,northam,51.0333,-4.2167,9.23,94,0,4.07,GB,1729895716
202,tralee,52.2704,-9.7026,11.06,84,73,3.86,IE,1729895927
203,karratha,-20.7377,116.8463,30.24,25,1,3.79,AU,1729895895
204,beypazari,40.1675,31.9211,7.65,57,1,1.67,TR,1729895930
205,itaperuna,-21.205,-41.8878,27.2,71,81,1.41,BR,1729895931
206,ko pha ngan,9.7578,100.0291,24.38,76,99,7.35,TH,1729895932
207,boda,4.3189,17.4695,21.49,97,100,0.94,CF,1729895933
208,boca suno,-0.7167,-77.1333,27.68,68,74,1.13,EC,1729895935
209,ambodifotatra,-16.9833,49.85,22.98,87,40,1.82,MG,1729895937
210,lala,7.9745,123.7458,24.16,97,98,0.67,PH,1729895938
211,porto belo,-27.1578,-48.5531,23.31,81,0,5.77,BR,1729895939
212,shingu,33.7333,135.9833,21.52,88,100,3.53,JP,1729895940
213,souillac,-20.5167,57.5167,23.21,94,75,4.12,MU,1729895941
214,taradale,-39.5333,176.85,20.57,60,65,2.24,NZ,1729895942
215,bulnes,-36.7423,-72.2985,17.42,47,0,7.5,CL,1729895943
216,vanimo,-2.6741,141.3028,27.42,81,100,2.17,PG,1729895944
217,saacow,1.6279,42.4407,24.77,76,64,3.79,SO,1729895946
218,corumba,-19.0092,-57.6533,35.84,49,20,0.0,BR,1729895947
219,atafu village,-8.5421,-172.5159,28.46,78,22,7.78,TK,1729895948
220,umluj,25.0213,37.2685,25.95,60,0,3.11,SA,1729895949
221,buka,40.8108,69.1986,11.25,71,100,3.98,UZ,1729895950
222,nizhnyaya poyma,56.1622,97.1933,6.61,81,91,5.76,RU,1729895951
223,kasaragod,12.5,75.0,23.71,91,98,1.72,IN,1729895952
224,evans,33.5337,-82.1307,26.69,47,4,0.45,US,1729895861
225,nantucket,41.2835,-70.0995,11.19,71,0,5.16,US,1729895955
226,bahia de kino,28.8333,-111.9333,30.48,33,5,3.66,MX,1729895956
227,beloyarskiy,63.7119,66.6722,0.38,98,100,2.18,RU,1729895957
228,urengoy,65.9667,78.3667,-5.4,96,100,3.21,RU,1729895958
229,kirkwood,38.5834,-90.4068,18.77,82,100,3.6,US,1729895959
230,fortuna,40.5982,-124.1573,22.21,32,0,4.13,US,1729895960
231,pajapan,18.25,-94.7,25.09,82,8,3.97,MX,1729895962
232,sumbawa besar,-8.5,117.4333,26.62,69,48,2.28,ID,1729895963
233,kaminoyama,38.1539,140.2736,12.91,79,100,0.83,JP,1729895964
234,pandan,14.0453,124.1694,26.97,83,100,1.17,PH,1729895966
235,fort saskatchewan,53.7168,-113.2187,10.02,29,8,0.51,CA,1729895967
236,stanley,54.868,-1.6985,11.82,100,100,0.0,GB,1729895675
237,sitka,57.0531,-135.33,8.94,49,100,3.6,US,1729895970
238,holyhead,53.3062,-4.6321,10.0,87,10,1.54,GB,1729895971
239,saldanha,-33.0117,17.9442,14.03,90,0,5.1,ZA,1729895972
240,robertsport,6.7533,-11.3686,25.92,88,71,4.05,LR,1729895973
241,wynyard,-41.0,145.7167,14.12,74,19,4.92,AU,1729895974
242,kristiansund,63.1115,7.732,7.36,87,75,1.54,NO,1729895975
243,touros,-5.1989,-35.4608,24.57,76,100,5.29,BR,1729895976
244,tazacorte,28.629,-17.9293,20.54,90,0,4.12,ES,1729895978
245,hechuan,29.9947,106.2572,20.86,77,100,0.51,CN,1729895979
246,pulandian,39.3953,121.9669,11.55,82,61,0.97,CN,1729895980
247,mahibadhoo,3.7833,72.9667,28.35,70,100,6.1,MV,1729895981
248,hirara,24.8,125.2833,26.15,89,20,3.6,JP,1729895954
249,tolanaro,-25.0319,46.9987,23.04,88,75,1.03,MG,1729895983
250,tsumeb,-19.2333,17.7167,27.37,8,0,2.92,NA,1729895984
251,queenstown,-31.8976,26.8753,10.45,83,14,1.5,ZA,1729895985
252,podujeva,42.9106,21.1931,10.22,69,18,0.26,XK,1729895988
253,cantley,53.5,-1.05,14.43,96,100,3.15,GB,1729895989
254,tirumullaivasal,11.2333,79.8333,24.57,91,67,3.52,IN,1729895991
255,lewistown,40.5992,-77.5714,16.67,70,75,0.0,US,1729895992
256,haenam,34.5711,126.5989,15.75,79,95,1.05,KR,1729895896
257,warmbad,-28.45,18.7333,20.16,9,55,1.6,NA,1729895995
258,coaticook,45.1334,-71.7991,7.37,66,66,0.42,CA,1729895996
259,freeport,40.6576,-73.5832,14.43,73,0,6.69,US,1729895954
260,petropavlovsk-kamchatsky,53.0452,158.6483,3.33,52,0,5.0,RU,1729895998
261,saint-pierre,-21.3393,55.4781,22.82,73,100,0.51,RE,1729896001
262,aykhal,66.0,111.5,-12.67,95,100,2.55,RU,1729896002
263,wakkanai,45.4094,141.6739,10.06,51,12,10.11,JP,1729896003
264,bahadurgarh,28.6833,76.9167,21.06,25,0,1.61,IN,1729896004
265,sangin,32.0728,64.8359,21.17,31,6,1.14,AF,1729896005
266,durban,-29.8579,31.0292,17.51,82,100,4.71,ZA,1729896006
267,de aar,-30.6497,24.0123,13.81,56,0,6.37,ZA,1729896007
268,ginir,7.1333,40.7,15.6,84,63,1.61,ET,1729896009
269,korla,41.7597,86.1469,9.18,48,0,0.29,CN,1729895785
270,el calafate,-50.3408,-72.2768,6.69,83,91,7.23,AR,1729895820
271,collingwood,44.4834,-80.2164,10.05,95,96,6.09,CA,1729896012
272,angaur state,6.906,134.13,28.49,75,85,13.66,PW,1729896013
273,carutapera,-1.195,-46.02,26.25,83,51,3.96,BR,1729896014
274,selfoss,63.9331,-20.9971,2.8,68,97,10.46,IS,1729896017
275,yuzhno-kurilsk,44.0306,145.8556,13.46,73,5,1.48,RU,1729896018
276,topolobampo,25.6,-109.05,31.95,43,0,5.66,MX,1729896019
277,itamarandiba,-17.8572,-42.8589,21.87,75,100,1.3,BR,1729896021
278,anar darah,32.7587,61.654,13.72,46,20,4.54,AF,1729896022
279,gillette,44.2911,-105.5022,14.51,38,0,3.6,US,1729896023
280,homer,59.6425,-151.5483,4.47,67,20,6.26,US,1729896024
281,centenario do sul,-22.8211,-51.5953,26.39,71,23,1.57,BR,1729896025
282,dudinka,69.4058,86.1778,-21.68,97,13,2.58,RU,1729896026
283,palamos,41.8484,3.1291,18.58,66,100,2.85,ES,1729896028
284,port alfred,-33.5906,26.891,15.1,96,45,0.89,ZA,1729896029
285,six-fours-les-plages,43.0938,5.84,17.73,86,100,2.24,FR,1729896030
286,minas de marcona,-15.2119,-75.1103,14.1,80,11,7.2,PE,1729896031
287,aitape,-3.1374,142.3475,27.42,80,100,1.62,PG,1729896033
288,bela,25.9333,81.9833,22.47,85,15,1.28,IN,1729896034
289,kuruman,-27.4524,23.4325,18.35,10,0,4.9,ZA,1729896036
290,afaahiti,-17.75,-149.2833,22.91,80,100,11.02,PF,1729896037
291,castillos,-34.1667,-53.8333,11.92,95,100,5.65,UY,1729896038
292,vadso,70.0744,29.7487,7.09,65,44,11.83,NO,1729896039
293,hamilton,39.1834,-84.5333,18.47,85,20,2.68,US,1729895837
294,burela de cabo,43.65,-7.4,8.69,88,93,3.28,ES,1729896041
295,bamboo flat,11.7,92.7167,25.05,94,40,1.03,IN,1729896042
296,chonchi,-42.6128,-73.8092,11.18,74,89,1.59,CL,1729896043
297,nkongsamba,4.9547,9.9404,19.22,99,100,0.63,CM,1729896045
298,nieuw amsterdam,5.8833,-55.0833,28.01,78,20,2.57,SR,1729896046
299,maputo,-25.9653,32.5892,22.82,87,40,4.63,MZ,1729896047
300,virginia beach,36.8529,-75.978,19.01,67,0,2.57,US,1729895818
301,isafjordur,66.0755,-23.124,0.64,95,60,5.92,IS,1729896049
302,corinto,37.9407,22.9573,14.94,70,44,1.29,GR,1729896050
303,pahrump,36.2083,-115.9839,30.25,13,5,2.24,US,1729895959
304,richards bay,-28.783,32.0377,19.41,85,100,5.32,ZA,1729896053
305,banda aceh,5.5577,95.3222,26.37,83,77,4.32,ID,1729895997
306,colac,-38.3333,143.5833,12.72,51,18,3.45,AU,1729896055
307,acarau,-2.8856,-40.12,25.34,78,100,8.15,BR,1729896056
308,conception bay south,47.4999,-52.9981,18.02,98,100,8.92,CA,1729896057
309,keetmanshoop,-26.5833,18.1333,23.51,8,53,1.03,NA,1729896059
310,nar'yan-mar,67.6713,53.087,-0.78,81,48,4.0,RU,1729896061
311,pingnan,23.5543,110.3976,17.54,61,95,1.91,CN,1729896062
312,sompeta,18.9333,84.6,25.96,77,100,1.65,IN,1729896063
313,walvis bay,-22.9575,14.5053,14.53,88,12,5.14,NA,1729896064
314,nadym,65.5333,72.5167,-5.08,95,90,3.61,RU,1729896065
315,holualoa,19.6228,-155.9522,28.08,77,20,5.66,US,1729896066
316,teluk nibung,3.001,99.8164,24.34,95,100,1.51,ID,1729896068
317,poso,-1.3959,120.7524,26.43,74,81,2.03,ID,1729896069
318,salalah,17.0151,54.0924,27.05,83,75,1.03,OM,1729896070
319,aljezur,37.3191,-8.8033,15.22,60,31,5.83,PT,1729896071
320,nemuro,43.3236,145.575,12.74,79,6,3.83,JP,1729896072
321,usogorsk,63.4106,48.6872,2.12,78,100,1.22,RU,1729896073
322,tofol,5.3248,163.0078,28.92,64,64,2.06,FM,1729896074
323,inari,68.906,27.0288,3.7,74,88,4.76,FI,1729896075
324,blenheim,-41.516,173.9528,14.73,95,100,3.13,NZ,1729896077
325,nuku'alofa,-21.1333,-175.2,27.19,83,40,4.63,TO,1729896078
326,sandnessjoen,66.0217,12.6316,7.55,70,100,5.4,NO,1729896079
327,lahij,13.1667,44.5833,25.17,82,67,2.5,YE,1729896080
328,nea kallikrateia,40.3167,23.0667,15.65,58,40,1.4,GR,1729896081
329,ende,-8.8432,121.6623,26.14,80,69,1.06,ID,1729896082
330,carnarvon,-24.8667,113.6333,19.12,63,5,10.75,AU,1729895846
331,bahia blanca,-38.7196,-62.2724,11.73,42,30,3.11,AR,1729895903
332,acapulco de juarez,16.8634,-99.8901,30.9,74,40,4.12,MX,1729896086
333,daru,-9.0763,143.2092,26.72,80,100,2.51,PG,1729896087
334,miguel ahumada,30.6167,-106.5167,30.41,15,8,6.48,MX,1729896088
335,colonia menno,-22.3667,-59.8167,34.26,31,52,2.36,PY,1729896089
336,rongelap,11.1635,166.8941,28.61,79,94,8.65,MH,1729896090
337,the pas,53.8251,-101.2541,7.01,49,0,5.14,CA,1729896092
338,shiqian,27.5225,108.2281,12.2,75,5,0.9,CN,1729896093
339,ola,59.5833,151.2833,-4.26,89,99,3.81,RU,1729896094
340,sao felix do xingu,-6.6447,-51.995,28.55,49,59,0.45,BR,1729896095
341,colby,39.3958,-101.0524,17.22,31,0,4.12,US,1729895856
342,urangan,-25.3,152.9,22.8,58,33,3.09,AU,1729896097
343,sansanne-mango,10.3592,0.4708,26.21,67,89,2.11,TG,1729896099
344,st. john's,47.5649,-52.7093,17.53,99,100,8.75,CA,1729895803
345,kota bharu,6.1333,102.2386,23.97,94,40,1.03,MY,1729896101
346,khanty-mansiysk,61.0042,69.0019,2.06,100,0,2.0,RU,1729896102
347,tutoia,-2.7619,-42.2744,26.22,81,83,6.73,BR,1729896103
348,vilyuysk,63.7553,121.6247,-21.41,100,96,0.74,RU,1729896104
349,cidreira,-30.1811,-50.2056,18.69,87,0,2.38,BR,1729896106
350,kampong thom,12.7111,104.8887,25.0,74,96,1.85,KH,1729896107
351,kamina,-8.7386,24.9906,18.63,92,100,3.09,CD,1729896109
352,mudanjiang,44.5833,129.6,3.61,66,94,1.97,CN,1729896110
353,ad dabbah,18.05,30.95,22.2,12,39,5.3,SD,1729896112
354,puerto lempira,15.2667,-83.7667,24.08,88,100,0.0,HN,1729896113
355,severo-yeniseyskiy,60.3725,93.0408,-0.39,99,100,0.66,RU,1729896114
356,germencik,37.8706,27.6028,10.81,56,0,1.51,TR,1729896116
357,bayt jala,31.7155,35.1879,18.17,22,0,0.89,PS,1729896117
358,vernon,50.2581,-119.2691,8.75,62,100,0.0,CA,1729896118
359,poronaysk,49.2167,143.1167,3.11,55,12,7.16,RU,1729896119
360,natal,-5.795,-35.2094,26.12,73,20,4.63,BR,1729895558
361,hasaki,35.7333,140.8333,20.88,68,100,6.1,JP,1729896121
362,goba,7.0167,39.9833,11.73,91,85,0.75,ET,1729896122
363,pitimbu,-7.4706,-34.8086,25.23,74,19,5.68,BR,1729896124
364,garwolin,51.8975,21.6147,6.86,82,0,2.38,PL,1729896125
365,ulan bator,47.9077,106.8832,1.07,86,75,1.0,MN,1729895932
366,nova vicosa,-17.8919,-39.3719,25.49,75,94,7.89,BR,1729896127
367,kissidougou,9.1848,-10.0999,21.85,93,77,1.14,GN,1729896128
368,grand-lahou,5.1367,-5.0242,25.45,91,49,3.73,CI,1729896129
369,flekkefjord,58.2971,6.6607,9.02,97,100,0.33,NO,1729896131
370,port lincoln,-34.7333,135.8667,17.88,55,100,5.18,AU,1729896132
371,kavaratti,10.5669,72.642,27.5,79,25,2.32,IN,1729896133
372,bikenibeu village,1.3673,173.1241,27.9,71,18,6.01,KI,1729896134
373,boguchar,49.9358,40.545,6.49,71,100,4.27,RU,1729896136
374,ambovombe,-25.1667,46.0833,21.39,80,27,2.35,MG,1729896137
375,hilo,19.7297,-155.09,25.06,98,100,1.54,US,1729896139
376,whangarei,-35.7317,174.3239,20.1,77,100,5.19,NZ,1729896140
377,ulaangom,49.9811,92.0667,1.34,79,69,1.31,MN,1729896141
378,bugul'ma,54.55,52.8,1.59,88,70,2.16,RU,1729896142
379,moju,-1.8839,-48.7689,26.85,76,63,2.0,BR,1729895998
380,kodiak,57.79,-152.4072,4.73,93,100,4.12,US,1729896144
381,ixtapa,20.7,-105.2,31.57,66,20,4.12,MX,1729896146
382,trairi,-3.2778,-39.2689,24.86,76,100,4.95,BR,1729896147
383,ippy,6.2679,21.2247,22.3,94,100,1.49,CF,1729896148
384,mogadishu,2.0371,45.3438,25.54,82,64,3.54,SO,1729896149
385,dolores,-36.3132,-57.6792,9.2,82,91,6.6,AR,1729896150
386,mili,6.0815,171.735,28.57,69,40,2.41,MH,1729896151
387,christchurch,-43.5333,172.6333,8.84,92,100,5.14,NZ,1729895522
388,xilin hot,43.9667,116.0333,6.89,92,100,4.72,CN,1729896153
389,lycksele,64.5954,18.6735,-0.07,100,28,1.54,SE,1729896154
390,newman,37.3138,-121.0208,28.23,17,100,1.44,US,1729896156
391,egilsstadir,65.2653,-14.3948,3.95,70,39,4.12,IS,1729896157
392,ivdel',60.6911,60.4206,2.47,95,100,1.4,RU,1729896158
393,svetlyy,54.675,20.1347,9.37,69,9,3.98,RU,1729896159
394,valle de la pascua,9.2155,-66.0073,28.81,60,98,1.97,VE,1729896160
395,coracora,-15.0333,-73.7833,14.34,22,8,3.0,PE,1729896161
396,puerto deseado,-47.7503,-65.8938,13.56,39,100,9.4,AR,1729896162
397,vila velha,-20.3297,-40.2925,27.97,85,0,4.92,BR,1729896164
398,colesberg,-30.72,25.0972,12.82,56,0,4.25,ZA,1729896165
399,st ives,50.2086,-5.4875,12.0,81,8,10.71,GB,1729896166
400,punta alta,-38.8759,-62.0736,11.85,50,38,3.61,AR,1729896167
401,jinxiang,27.4327,120.6062,19.85,91,100,4.44,CN,1729896169
402,thunder bay,48.4001,-89.3168,7.99,61,40,4.63,CA,1729896170
403,hailar,49.2,119.7,-3.27,68,61,2.63,CN,1729896171
404,novo aripuana,-5.1206,-60.3797,33.09,31,47,0.74,BR,1729896172
405,san julian,21.0167,-102.1667,25.11,22,1,5.18,MX,1729896173
406,sanctuary point,-35.1114,150.629,14.02,40,2,3.44,AU,1729896174
407,sioux city,42.5,-96.4003,15.77,32,0,5.66,US,1729896175
408,leava,-14.3,-178.1667,27.09,84,27,8.6,WF,1729896177
409,kyren,51.6828,102.1408,1.91,61,35,1.01,RU,1729896178
410,dunedin,-45.8742,170.5036,7.67,95,100,2.68,NZ,1729896179
411,dryden,49.7833,-92.7503,5.16,70,20,4.63,CA,1729896180
412,pelabuhanratu,-6.9875,106.5514,24.53,88,7,2.04,ID,1729896182
413,galveston,29.3669,-94.9669,28.87,76,0,5.66,US,1729896084
414,napili-honokowai,20.9708,-156.6705,29.64,93,41,5.37,US,1729896184
415,laguna,38.421,-121.4238,26.14,31,0,3.09,US,1729896185
416,guane,22.2025,-84.0875,25.12,74,11,2.92,CU,1729896186
417,yulinshi,38.2906,109.7494,11.23,57,86,3.03,CN,1729896188
418,americo brasiliense,-21.7244,-48.1017,23.7,82,100,1.13,BR,1729896189
419,enewetak,11.3474,162.3373,26.47,88,100,12.72,MH,1729896190
420,mabaruma,8.2,-59.7833,24.61,88,56,1.08,GY,1729896191
421,benguela,-12.5763,13.4055,23.9,80,100,2.96,AO,1729896192
422,tanjung selor,2.8372,117.3642,25.15,88,100,1.03,ID,1729896193
423,mossendjo,-2.9506,12.7261,21.55,100,100,1.07,CG,1729896194
424,greenville,35.6127,-77.3663,18.4,69,0,0.0,US,1729895903
425,marsa alam,25.0757,34.8918,22.91,50,0,3.39,EG,1729896197
426,chaves,33.3834,-104.4505,22.23,30,0,1.54,US,1729896198
427,yelizovo,53.1873,158.3805,5.08,48,0,5.0,RU,1729896199
428,valparaiso,-33.0393,-71.6273,22.8,50,0,5.14,CL,1729895912
429,atherton,53.5237,-2.4935,13.03,95,100,2.06,GB,1729896201
430,morbi,22.8167,70.8333,26.67,37,24,0.95,IN,1729896202
431,helena,46.5927,-112.0361,13.47,44,0,2.06,US,1729895940
432,mongoumba,3.6415,18.5936,22.04,98,100,0.98,CF,1729896205
433,miri,4.4148,114.0089,24.08,100,40,0.0,MY,1729896206
434,songkhla,6.8333,100.6667,22.97,98,99,0.85,TH,1729896207
435,ulsteinvik,62.3432,5.8487,9.06,93,87,0.45,NO,1729896208
436,illizi,26.4833,8.4667,24.76,36,50,2.47,DZ,1729896209
437,santo antonio,-6.3106,-35.4789,22.27,80,95,3.39,BR,1729896210
438,fale old settlement,-9.3852,-171.2468,28.55,78,17,8.29,TK,1729896211
439,bom jesus,-9.0744,-44.3586,31.67,33,91,0.85,BR,1729896213
440,sao joao da barra,-21.6403,-41.0511,26.05,91,87,6.9,BR,1729896214
441,saint-philippe,-21.3585,55.7679,23.01,89,99,5.38,RE,1729896215
442,baxter,46.3433,-94.2867,13.04,35,0,4.63,US,1729896216
443,prado,-17.3411,-39.2208,25.06,80,100,8.2,BR,1729896217
444,reggane,26.7158,0.1714,25.06,33,0,3.12,DZ,1729896218
445,ugoofaaru,5.6667,73.0,27.73,81,95,6.71,MV,1729896220
446,al qusayr,34.5091,36.5798,13.98,24,0,0.91,SY,1729896222
447,bodaybo,57.8506,114.1933,-5.56,87,100,0.86,RU,1729896223
448,siavonga,-16.5382,28.7088,28.41,45,3,1.98,ZM,1729896224
449,baiyin,36.5583,104.2081,5.22,66,82,1.56,CN,1729895953
450,kiunga,-6.1219,141.2906,24.66,81,99,1.18,PG,1729896226
451,slave lake,55.2834,-114.769,4.99,56,0,2.06,CA,1729896227
452,hatillo,18.4863,-66.8254,28.39,77,99,4.58,PR,1729896229
453,honggang,46.4667,124.8667,3.12,57,100,2.47,CN,1729896230
454,brejo da madre de deus,-8.1458,-36.3711,21.02,77,11,4.56,BR,1729896231
455,santa cruz,-17.8,-63.1667,32.03,55,20,5.14,BO,1729896018
456,baramula,34.2,74.35,11.22,36,1,1.63,IN,1729896233
457,burang,30.25,81.1667,4.16,19,0,1.34,CN,1729896235
458,nogliki,51.8333,143.1667,0.32,75,52,9.51,RU,1729896236
459,mantua,45.1667,10.7833,16.66,97,100,2.24,IT,1729896237
460,sinabang,2.4803,96.3801,25.58,81,86,1.21,ID,1729896238
461,diapaga,12.0708,1.7889,26.68,40,100,2.12,BF,1729896239
462,alice springs,-23.7,133.8833,23.75,9,4,4.12,AU,1729896240
463,katav-ivanovsk,54.7531,58.1956,1.67,96,100,0.42,RU,1729896241
464,aginskoye,51.1,114.53,-4.88,97,100,1.08,RU,1729896245
465,lompoc,34.6391,-120.4579,23.23,52,10,2.68,US,1729895971
466,coihueco,-36.6167,-71.8333,16.41,48,0,9.26,CL,1729896247
467,coquimbo,-29.9533,-71.3436,16.85,61,0,5.66,CL,1729896248
468,alpine,32.835,-116.7664,28.08,41,0,3.6,US,1729896249
469,mimizan,44.2006,-1.2289,13.41,85,100,1.87,FR,1729896250
470,aktas,49.7789,72.9608,5.86,78,100,1.8,KZ,1729896252
471,mersing,2.4312,103.8405,23.95,94,20,2.06,MY,1729896253
472,vuktyl,63.8567,57.3094,-1.38,88,41,2.4,RU,1729896254
473,villa gesell,-37.2639,-56.973,10.37,68,88,11.99,AR,1729896255
474,navarre,30.4016,-86.8636,27.0,65,0,2.82,US,1729896256
475,eger,47.9026,20.3733,12.71,71,8,0.86,HU,1729896257
476,santa terezinha,-29.9002,-50.0904,19.3,86,1,2.57,BR,1729896259
477,brookings,44.3114,-96.7984,12.36,46,0,3.09,US,1729896260
478,asosa,10.0667,34.5333,16.49,90,54,1.7,ET,1729896262
479,rabo de peixe,37.8,-25.5833,17.77,99,21,2.94,PT,1729896132
480,behshahr,36.6923,53.5526,12.17,66,0,2.35,IR,1729896264
481,prudentopolis,-25.2131,-50.9778,18.37,79,0,0.83,BR,1729896265
482,al qadarif,14.0349,35.3834,25.49,60,65,1.79,SD,1729896266
483,lagoa,39.05,-27.9833,17.7,63,10,4.96,PT,1729896267
484,novyy turtkul',41.55,61.0167,9.63,87,24,5.85,UZ,1729896268
485,katsuura,35.1333,140.3,21.4,75,100,7.32,JP,1729896270
486,tobruk,32.0836,23.9764,20.04,66,0,2.17,LY,1729896271
487,kununurra,-15.7667,128.7333,28.99,74,40,2.57,AU,1729896272
488,filadelfia,39.9523,-75.1638,16.65,48,23,0.89,US,1729896168
489,berezovyy,51.6667,135.7,-1.18,55,1,3.11,RU,1729896276
490,buayan,6.1164,125.2347,26.87,74,100,0.82,PH,1729896277
491,labuan,5.2767,115.2417,27.2,83,20,2.68,MY,1729896278
492,swainsboro,32.5974,-82.3337,27.03,39,0,0.0,US,1729896279
493,whakatane,-37.9585,176.9854,19.17,95,100,3.13,NZ,1729896280
494,hebi,35.8992,114.1925,12.49,64,11,1.19,CN,1729896281
495,posse,-14.0931,-46.3694,26.14,60,99,1.59,BR,1729896282
496,kolonia,50.9333,6.95,14.58,88,0,1.54,DE,1729896284
497,tromso,69.6496,18.957,6.01,65,75,9.77,NO,1729896285
498,mahdia,35.5047,11.0622,22.23,66,100,7.63,TN,1729896286
499,port hedland,-20.3167,118.5667,27.03,44,5,3.6,AU,1729896287
500,necochea,-38.5473,-58.7368,10.18,52,6,10.36,AR,1729896245
501,muang phonsavan,19.45,103.2167,16.67,100,86,1.12,LA,1729896289
502,lalian,31.8241,72.7997,24.76,30,0,1.29,PK,1729896290
503,koulikoro,14.0,-7.75,26.61,27,86,3.95,ML,1729896292
504,bubaque,11.2833,-15.8333,27.74,76,39,3.14,GW,1729896293
505,nagqu,31.5,92.0,-4.66,43,0,1.33,CN,1729896294
506,kabalo,-6.05,26.9167,21.65,90,100,1.65,CD,1729896295
507,san antonio de pale,-1.4014,5.6325,25.4,81,94,4.85,GQ,1729896296
508,champerico,14.3,-91.9167,28.64,78,7,2.95,GT,1729896297
509,sochi,43.6,39.7303,10.05,86,100,4.56,RU,1729896185
510,tezu,27.9167,96.1667,19.89,86,95,0.89,IN,1729896300
511,guiuan,11.0333,125.7247,28.39,75,100,8.52,PH,1729896301
512,chinchilla,-26.75,150.6333,22.79,51,24,0.89,AU,1729896302
513,geraldton,-28.7667,114.6,16.23,72,40,7.2,AU,1729896303
514,san vitaliano,40.9272,14.4801,19.05,94,22,0.51,IT,1729896304
515,bayramaly,37.6185,62.1671,8.86,79,93,2.57,TM,1729896305
516,trevelin,-43.0858,-71.4639,7.6,67,88,4.27,AR,1729896306
517,zhanaozen,43.3,52.8,8.87,74,89,2.25,KZ,1729896074
518,choibalsan,48.0667,114.5,-0.48,43,100,1.94,MN,1729896309
519,vallenar,-28.5708,-70.7581,23.9,31,0,2.47,CL,1729896310
520,mahdishahr,35.7108,53.3556,4.31,81,4,1.41,IR,1729896311
521,starotitarovskaya,45.2136,37.1439,10.26,75,100,5.95,RU,1729896312
522,barra dos coqueiros,-10.9089,-37.0386,26.01,78,0,4.63,BR,1729896313
523,al wakrah,24.85,51.3333,26.05,52,13,5.64,QA,1729896314
524,riachao,-7.3619,-46.6172,29.54,41,74,2.21,BR,1729896315
525,rosario do sul,-30.2583,-54.9142,19.88,74,2,2.98,BR,1729896317
526,porto novo,6.4965,2.6036,24.9,89,98,1.79,BJ,1729896318
527,umm kaddadah,13.6017,26.6876,26.11,13,40,6.8,SD,1729896319
528,wangdue phodrang,27.4862,89.8991,13.41,91,100,0.79,BT,1729896321
529,yeniseysk,58.4497,92.1703,3.19,97,100,2.01,RU,1729896322
530,malacky,48.436,17.0219,14.28,66,100,3.56,SK,1729896324
531,superior,46.7208,-92.1041,12.65,32,0,7.72,US,1729896325
532,wajir,1.7471,40.0573,26.51,61,55,6.13,KE,1729896326
533,blythe,33.6103,-114.5964,34.25,10,0,1.54,US,1729896327
534,culfa,38.9558,45.6308,5.93,44,86,1.57,AZ,1729896328
535,sabang,5.8933,95.3214,28.14,77,71,7.23,ID,1729896329
536,ankang,32.68,109.0172,13.95,60,100,0.55,CN,1729896332
537,palmer,42.1584,-72.3287,11.79,54,26,1.51,US,1729896115
538,lazaro cardenas,17.9583,-102.2,28.86,76,0,2.12,MX,1729896334
539,ocean city,39.2776,-74.5746,15.55,54,0,1.79,US,1729896159
540,korpilahti,62.0167,25.55,7.72,87,97,3.93,FI,1729896338
541,tamanrasset,22.785,5.5228,20.95,23,20,2.57,DZ,1729896339
542,mandali,33.7499,45.5541,16.67,23,0,2.82,IQ,1729896340
543,rio grande,-32.035,-52.0986,19.28,80,1,3.57,BR,1729896341
544,betio village,1.358,172.9211,27.94,72,22,5.97,KI,1729896342
545,ketchikan,55.3422,-131.6461,9.26,57,0,0.0,US,1729896343
546,naxos,37.1056,25.3764,19.61,76,70,11.18,GR,1729896345
547,sinazongwe,-17.2614,27.4618,27.11,48,3,0.34,ZM,1729896346
548,tame,6.461,-71.73,27.26,71,94,2.57,CO,1729896347
549,robertson,36.5167,-86.8667,24.66,69,30,2.73,US,1729896345
550,melekeok village,7.4957,134.6367,27.74,79,86,12.77,PW,1729896350
551,patterson,37.4716,-121.1297,25.53,19,94,1.85,US,1729896202
552,kirakira,-10.4544,161.9205,30.33,67,64,3.34,SB,1729896352
553,ampanihy,-24.7,44.75,21.06,82,0,0.23,MG,1729896353
554,sur,22.5667,59.5289,27.39,47,48,3.53,OM,1729896354
555,okha,53.5739,142.9478,1.32,64,95,9.98,RU,1729896355
556,balvi,57.1313,27.2658,5.15,95,14,2.16,LV,1729896356
557,kamloops,50.6665,-120.3192,5.55,65,100,4.63,CA,1729896134
558,andergrove,-21.0833,149.1833,25.93,68,3,4.7,AU,1729896359
559,knyaze-volkonskoye,48.4642,135.4567,-0.81,57,0,5.99,RU,1729896360
560,yinchuan,38.4681,106.2731,10.94,54,21,0.29,CN,1729896363
561,tabou,4.423,-7.3528,25.31,88,80,3.59,CI,1729896364
562,havre,49.5833,0.3333,12.87,94,0,2.57,FR,1729896365
563,sinjai,-5.1241,120.253,26.92,61,11,1.28,ID,1729896366
564,kolonia town,6.964,158.206,29.06,84,75,0.0,FM,1729896367
565,usinsk,65.9939,57.5281,-0.72,82,43,0.78,RU,1729896368
566,sao jose da coroa grande,-8.8978,-35.1478,25.02,76,8,5.4,BR,1729896369
567,pallasovka,50.05,46.8833,6.36,85,100,4.7,RU,1729896345
568,gewane,10.1664,40.6453,28.39,51,81,1.85,ET,1729896372
569,pacific grove,36.6177,-121.9166,23.01,82,0,2.68,US,1729896373
570,tindouf,27.6711,-8.1474,23.25,40,0,5.66,DZ,1729896374
571,bosobolo,4.1833,19.9,22.04,97,100,1.26,CD,1729896375
572,jacmel,18.2342,-72.5347,27.73,79,87,0.28,HT,1729896376
